{
    "loss": 0.9013413786888123,
    "accuracy": 0.5686274766921997
}