{
    "loss": 14.828096389770508,
    "accuracy": 0.4313725531101227
}